{"cameraMode":{"drawMode":0,"name":"Shaded","section":"Shading Mode"},"sceneLighting":false,"audioPlay":false,"sceneViewState":{"showFog":false,"showMaterialUpdate":false,"showSkybox":false,"showFlares":true,"showImageEffects":true,"showParticleSystems":true},"in2DMode":false,"pivot":{"x":0.039999961853027347,"y":-0.28000009059906008,"z":5.750329494476318},"rotation":{"x":-0.014993556775152684,"y":-0.028189292177557946,"z":0.0004108368593733758,"w":-0.9995009303092957},"size":29.572723388671876,"orthographic":true}