{"cameraMode":{"drawMode":0,"name":"Shaded","section":"Shading Mode"},"sceneLighting":false,"audioPlay":false,"sceneViewState":{"showFog":false,"showMaterialUpdate":false,"showSkybox":false,"showFlares":true,"showImageEffects":true,"showParticleSystems":true},"in2DMode":false,"pivot":{"x":354.70001220703127,"y":87.48999786376953,"z":5.586981773376465},"rotation":{"x":-0.6881994605064392,"y":0.0034824020694941284,"z":-0.0033090177457779648,"w":-0.7255281209945679},"size":0.857356607913971,"orthographic":true}